EAN,PRODUCTO,DESCRIPCION,ACLARACION,FOTO
7792180144829,ACEITE DE GIRASOL CARREFOUR CLASSIC PET X 900 CC,,,https://raw.githubusercontent.com/OrellanoL/ProductosCatalogo/main/7792180144829.webp
7792180001665,ACEITE GIRASOL CANUELAS PET X 1.5 LT,,,https://raw.githubusercontent.com/OrellanoL/ProductosCatalogo/main/7792180001665.webp
7792180001641,ACEITE GIRASOL CANUELAS PET X 900 CC,,,https://raw.githubusercontent.com/OrellanoL/ProductosCatalogo/main/7792180001641.webp
7790060023684,ACEITE GIRASOL COCINERO PET X 1.5 LT,,,https://raw.githubusercontent.com/OrellanoL/ProductosCatalogo/main/7790060023684.webp
7790070012050,ACEITE GIRASOL COCINERO PET X 900 CC,,,https://raw.githubusercontent.com/OrellanoL/ProductosCatalogo/main/7790070012050.webp
7798316700815,ACEITE GIRASOL LEGITIMO X 1.5L,,,https://raw.githubusercontent.com/OrellanoL/ProductosCatalogo/main/7798316700815.webp
7790272001029,ACEITE GIRASOL NATURA PET X 1.5 LT,,,https://raw.githubusercontent.com/OrellanoL/ProductosCatalogo/main/7790272001029.webp
7790272001005,ACEITE GIRASOL NATURA PET X 900 CC,,,https://raw.githubusercontent.com/OrellanoL/ProductosCatalogo/main/7790272001005.webp
7798108348324,AGUA MINERAL SIN GAS CARREFOUR PET X 2 LT,,,https://raw.githubusercontent.com/OrellanoL/ProductosCatalogo/main/7798108348324.webp
7798062547559,AGUA MINERAL SIN GAS VILLA DEL SUR X 2.25 LT,,,https://raw.githubusercontent.com/OrellanoL/ProductosCatalogo/main/7798062547559.webp
7790895649370,AGUA MINERALIZAD BAJO SOD S GAS BENEDICTI BIDON 6L,,,https://raw.githubusercontent.com/OrellanoL/ProductosCatalogo/main/7790895649370.webp
7790315000880,AGUA SABORIZADA MANZANA S GAS VDS LEVITE PET.2.25L,,,https://raw.githubusercontent.com/OrellanoL/ProductosCatalogo/main/7790315000880.webp
7790895003295,AGUA SABORIZADA PERA SIN GAS AQUARIUS X 2.25 LT,,,https://raw.githubusercontent.com/OrellanoL/ProductosCatalogo/main/7790895003295.webp
7791720033074,ARROZ LARGO FINO 00000 CARREFOUR BOLSA X 1 KG,,,https://raw.githubusercontent.com/OrellanoL/ProductosCatalogo/main/7791720033074.webp
7798078450485,ARROZ LARGO FINO 00000 CRUCERO X 1 KG,,,https://raw.githubusercontent.com/OrellanoL/ProductosCatalogo/main/7798078450485.webp
7791120031557,ARROZ LARGO FINO 00000 MOLINOS ALA X 1 KG,,,https://raw.githubusercontent.com/OrellanoL/ProductosCatalogo/main/7791120031557.webp
7791720033128,ARROZ PARBOIL CARREFOUR CLASSIC BOLSA X 1 KG,,,https://raw.githubusercontent.com/OrellanoL/ProductosCatalogo/main/7791720033128.webp
7790580132392,ARVEJAS SECAS REMOJADAS ARCOR LATA X 300 GRS,,,https://raw.githubusercontent.com/OrellanoL/ProductosCatalogo/main/7790580132392.webp
7798033333907,ATUN AL NATURAL/EN ACEITE LOMITOS CARREFOUR LATA X 170 GRS.,,,https://raw.githubusercontent.com/OrellanoL/ProductosCatalogo/main/7798033333907.webp
7798033333891,ATUN AL NATURAL/EN ACEITE LOMITOS CARREFOUR LATA X 170 GRS,,,https://raw.githubusercontent.com/OrellanoL/ProductosCatalogo/main/7798033333891.webp
7791720048726,AZUCAR COMUN BULNEZ X 1KG.,,,https://raw.githubusercontent.com/OrellanoL/ProductosCatalogo/main/7791720048726.webp
7798174970016,AZUCAR COMUN TIPO A AZUCEL BOLSA X 1 KG,,,https://raw.githubusercontent.com/OrellanoL/ProductosCatalogo/main/7798174970016.webp
7792540250450,AZUCAR MOLIDA SUPERIOR LEDESMA BOLSA X 1 KG.,,,https://raw.githubusercontent.com/OrellanoL/ProductosCatalogo/main/7792540250450.webp
7795735000335,BIZCOCHOS DULCES DON SATUR BOLSA X 200 GRS,,,https://raw.githubusercontent.com/OrellanoL/ProductosCatalogo/main/7795735000335.webp
7795735000342,BIZCOCHOS NEGRITOS DON SATUR BOLSA X 200 GRS,,,https://raw.githubusercontent.com/OrellanoL/ProductosCatalogo/main/7795735000342.webp
7795735000328,BIZCOCHOS SALADOS DON SATUR BOLSA X 200 GRS,,,https://raw.githubusercontent.com/OrellanoL/ProductosCatalogo/main/7795735000328.webp
7791720027691,CAFE EN SAQUITOS CARREFOUR CAJA X 18 UNI,,,https://raw.githubusercontent.com/OrellanoL/ProductosCatalogo/main/7791720027691.webp
7790170902008,CAFE MOLIDO CLASICO LA MORENITA BOLSA X 500 GRS,,,https://raw.githubusercontent.com/OrellanoL/ProductosCatalogo/main/7790170902008.webp
7792798015290,CERVEZA BLANCA BAJO CERO QUILMES LATA X 473 CC,,,https://raw.githubusercontent.com/OrellanoL/ProductosCatalogo/main/7792798015290.webp
7792798005888,CERVEZA BLANCA BRAHMA LATA X 473 CC.,,,https://raw.githubusercontent.com/OrellanoL/ProductosCatalogo/main/7792798005888.webp
7792798015061,CERVEZA BLANCA BRAHMA LATA X 710 CC,,,https://raw.githubusercontent.com/OrellanoL/ProductosCatalogo/main/7792798015061.webp
7793147118860,CERVEZA RUBIA SCHNEIDER LATA X 473 CC,,,https://raw.githubusercontent.com/OrellanoL/ProductosCatalogo/main/7793147118860.webp
7793147570606,CERVEZA RUBIA SCHNEIDER LATA X 710 CC,,,https://raw.githubusercontent.com/OrellanoL/ProductosCatalogo/main/7793147570606.webp
7790742625304,DULCE DE LECHE CLASICO LA SERENISIMA X 400 GRS,,,https://raw.githubusercontent.com/OrellanoL/ProductosCatalogo/main/7790742625304.webp
7790070336552,FIDEOS CINTA CASERITO DON VICENTE BOLSA X 500 GRS,,,https://raw.githubusercontent.com/OrellanoL/ProductosCatalogo/main/7790070336552.webp
7791720026311,FIDEOS CINTA TALLARIN CARREFOUR CLASSIC X 500 GRS,,,https://raw.githubusercontent.com/OrellanoL/ProductosCatalogo/main/7791720026311.webp
7791720026267,FIDEOS GUISEROS MONO CARREFOUR CLASSIC X500 GRS,,,https://raw.githubusercontent.com/OrellanoL/ProductosCatalogo/main/7791720026267.webp
7790070320285,FIDEOS SPAGHETTI FAVORITA X 500 GRS,,,https://raw.githubusercontent.com/OrellanoL/ProductosCatalogo/main/7790070320285.webp
7790070336118,FIDEOS TALLARIN N5 LUCCHETTI X 500 GRS,,,https://raw.githubusercontent.com/OrellanoL/ProductosCatalogo/main/7790070336118.webp
7790070336316,FIDEOS TALLARINES N5 MATARAZZO X 500 GRS,,,https://raw.githubusercontent.com/OrellanoL/ProductosCatalogo/main/7790070336316.webp
7790070320308,FIDEOS TIRABUZON FAVORITA X 500 GRS,,,https://raw.githubusercontent.com/OrellanoL/ProductosCatalogo/main/7790070320308.webp
7790070336026,FIDEOS TIRABUZON N28 LUCCHETTI X 500 GRS,,,https://raw.githubusercontent.com/OrellanoL/ProductosCatalogo/main/7790070336026.webp
7791720026274,FIDEOS TIRABUZONES CARREFOUR CLASSIC X 500 GRS,,,https://raw.githubusercontent.com/OrellanoL/ProductosCatalogo/main/7791720026274.webp
7790070336293,FIDEOS TIRABUZONES N28 MATARAZZO X 500 GRS,,,https://raw.githubusercontent.com/OrellanoL/ProductosCatalogo/main/7790070336293.webp
7622201735883,GALLETITAS C CHIPS CHOCOLATE PEPITOS 3 X 119 GRS,,,https://raw.githubusercontent.com/OrellanoL/ProductosCatalogo/main/7622201735883.webp
7790040143234,GALLETITAS CHOCOLATE CHOCOLINAS X 250 GRS,,,https://raw.githubusercontent.com/OrellanoL/ProductosCatalogo/main/7790040143234.webp
7622201735258,GALLETITAS CHOCOLATE RELL VAINILLA OREO 3 X 118GRS,,,https://raw.githubusercontent.com/OrellanoL/ProductosCatalogo/main/7622201735258.webp
7790040144095,GALLETITAS CLASICAS TRAVIATA 5 X 108 GRS,,,https://raw.githubusercontent.com/OrellanoL/ProductosCatalogo/main/7790040144095.webp
7790040144088,GALLETITAS SANDWICH TRAVIATA 3 X 108 GRS,,,https://raw.githubusercontent.com/OrellanoL/ProductosCatalogo/main/7790040144088.webp
7790040147720,GALLETITAS SURTIDO BAGLEY BOLSA X 400 GRS,,,https://raw.githubusercontent.com/OrellanoL/ProductosCatalogo/main/7790040147720.webp
7790040143364,GALLETITAS SURTIDO DIVERSION BOLSA X 400 GRS,,,https://raw.githubusercontent.com/OrellanoL/ProductosCatalogo/main/7790040143364.webp
7790895000997,GASEOSA COLA REGULAR COCA COLA PET X 2.25 LT,,,https://raw.githubusercontent.com/OrellanoL/ProductosCatalogo/main/7790895000997.webp
7793281492819,HAMBURGUESA CARREFOUR CAJA X 12 UNI,,,https://raw.githubusercontent.com/OrellanoL/ProductosCatalogo/main/7793281492819.webp
7793281492826,HAMBURGUESA CARREFOUR CAJA X 20 UNI,,,https://raw.githubusercontent.com/OrellanoL/ProductosCatalogo/main/7793281492826.webp
7793281492802,HAMBURGUESA CARREFOUR CAJA X 4 UNI,,,https://raw.githubusercontent.com/OrellanoL/ProductosCatalogo/main/7793281492802.webp
7790360967411,HAMBURGUESA CLASICA XL SWIFT FLOW PACK X 2 UNI,,,https://raw.githubusercontent.com/OrellanoL/ProductosCatalogo/main/7790360967411.webp
7790670050667,HAMBURGUESA PATY CLASICO CAJA X 12 UNI,,,https://raw.githubusercontent.com/OrellanoL/ProductosCatalogo/main/7790670050667.webp
7790670050650,HAMBURGUESA PATY CLASICO CAJA X 4 UNI,,,https://raw.githubusercontent.com/OrellanoL/ProductosCatalogo/main/7790670050650.webp
7790199000013,HARINA 000 MORIXE X 1 KG,,,https://raw.githubusercontent.com/OrellanoL/ProductosCatalogo/main/7790199000013.webp
7792590000159,HARINA DE TRIGO 000 CASERITA X 1 KG,,,https://raw.githubusercontent.com/OrellanoL/ProductosCatalogo/main/7792590000159.webp
7792180139320,HARINA DE TRIGO 000 ULTRAREF CANUELAS X 1 KG,,,https://raw.githubusercontent.com/OrellanoL/ProductosCatalogo/main/7792180139320.webp
7792590000227,HARINA DE TRIGO 0000 CASERITA X 1 KG,,,https://raw.githubusercontent.com/OrellanoL/ProductosCatalogo/main/7792590000227.webp
7790070562180,HARINA LEUDANTE BLANCAFLOR X 1 KG,,,https://raw.githubusercontent.com/OrellanoL/ProductosCatalogo/main/7790070562180.webp
7791290792036,JABON LIQUIDO P ROPA ECO LAVADO ALA MATIC X 3 LT,,,https://raw.githubusercontent.com/OrellanoL/ProductosCatalogo/main/7791290792036.webp
7791290792814,JABON LIQUIDO PARA ROPA BIO ENCIMAS SKIP X 800 CC,,,https://raw.githubusercontent.com/OrellanoL/ProductosCatalogo/main/7791290792814.webp
7791290792791,JABON LIQUIDO PARA ROPA BIO ENZIMAS SKIP X 3 LT,,,https://raw.githubusercontent.com/OrellanoL/ProductosCatalogo/main/7791290792791.webp
7791905000020,LAVANDINA CONCENTRADA QUERUBIN X 1 LT,,,https://raw.githubusercontent.com/OrellanoL/ProductosCatalogo/main/7791905000020.webp
7790132098459,LAVANDINA ORIGINAL AYUDIN X 1 LT,,,https://raw.githubusercontent.com/OrellanoL/ProductosCatalogo/main/7790132098459.webp
7791905023203,LAVANDINA ORIGINAL ODEX X 1 LT,,,https://raw.githubusercontent.com/OrellanoL/ProductosCatalogo/main/7791905023203.webp
7790742333605,LECHE PARC DESC 0 LACTOSA LA SERENISIMA X 1 LT,,,https://raw.githubusercontent.com/OrellanoL/ProductosCatalogo/main/7790742333605.webp
7790742358608,LECHE UAT DESC S LACT PROTEIN LA SERENISIMA BOTX1L,,,https://raw.githubusercontent.com/OrellanoL/ProductosCatalogo/main/7790742358608.webp
7791720029404,LECHE UAT ENTERA / PARC DESC CARREFOUR CLASSIC BRIK X 1 LT,,,https://raw.githubusercontent.com/OrellanoL/ProductosCatalogo/main/7791720029404.webp
7790742363008,LECHE UAT ENTERA FORT 3% LA SERENISIMA EDGE 1L,,,https://raw.githubusercontent.com/OrellanoL/ProductosCatalogo/main/7790742363008.webp
7791720029411,LECHE UAT ENTERA/ PARC DESC CARREFOUR CLASSIC BRIK X 1 LT,,,https://raw.githubusercontent.com/OrellanoL/ProductosCatalogo/main/7791720029411.webp
7790742363107,LECHE UAT PARC DESC FORT 1% LA SERENISIMA EDGE 1L,,,https://raw.githubusercontent.com/OrellanoL/ProductosCatalogo/main/7790742363107.webp
7791720029749,LECHE ULTRA ENTERA/ PARC DESC CARREFOUR CLASSIC SACHET X 1LT,,,https://raw.githubusercontent.com/OrellanoL/ProductosCatalogo/main/7791720029749.webp
7791720029756,LECHE ULTRA ENTERA/ PARC DESC CARREFOUR CLASSIC SACHETX1LT,,,https://raw.githubusercontent.com/OrellanoL/ProductosCatalogo/main/7791720029756.webp
7791290794221,LIMPIADOR CREMOSO BIOACTIVE ORIGINAL CIF X 500 CC,,,https://raw.githubusercontent.com/OrellanoL/ProductosCatalogo/main/7791290794221.webp
7793253003548,LIMPIADOR LIQ FLORES PRIMAVERA POETT X 900 CC,,,https://raw.githubusercontent.com/OrellanoL/ProductosCatalogo/main/7793253003548.webp
7790520025869,MATA MOSCA MOSQUITO ACUOSA AERO FUYI X 360 CC,,,https://raw.githubusercontent.com/OrellanoL/ProductosCatalogo/main/7790520025869.webp
7790520508607,MATA MOSCAS Y MOSQUITO S OLOR RAID AERO X 360 CC,,,https://raw.githubusercontent.com/OrellanoL/ProductosCatalogo/main/7790520508607.webp
7791866001364,MAYONESA NATURA DOY PACK X 500 CC,,,https://raw.githubusercontent.com/OrellanoL/ProductosCatalogo/main/7791866001364.webp
7790670052371,MEDALLON DE CARNE EXPRESS PATY CAJA X 4 UNI,,,https://raw.githubusercontent.com/OrellanoL/ProductosCatalogo/main/7790670052371.webp
7791720028018,PAPAS BASTON TRADICIONAL CARREFOUR CLASSIC X700GRS,,,https://raw.githubusercontent.com/OrellanoL/ProductosCatalogo/main/7791720028018.webp
7791720028247,PAPAS FRITAS TRADICIONAL CARREFOUR CLASSIC X 150 G,,,https://raw.githubusercontent.com/OrellanoL/ProductosCatalogo/main/7791720028247.webp
7791720025833,PAPAS NOISETTE CARREFOUR X 500 GRS,,,https://raw.githubusercontent.com/OrellanoL/ProductosCatalogo/main/7791720025833.webp
7798159718961,PAPEL HIGIENICO D HOJA CARREFOUR 4 X 30 MTS,,,https://raw.githubusercontent.com/OrellanoL/ProductosCatalogo/main/7798159718961.webp
7790250016182,PAPEL HIGIENICO H S FRESH ALOE HIGIENOL 4 X 30MTS,,,https://raw.githubusercontent.com/OrellanoL/ProductosCatalogo/main/7790250016182.webp
7798159718978,PAPEL HIGIENICO H SIMPLE CARREFOUR 4 X 30 MTS,,,https://raw.githubusercontent.com/OrellanoL/ProductosCatalogo/main/7798159718978.webp
7793344904143,PAPEL HIGIENICO H SIMPLE ELEGANTE 4 X 30 MTS,,,https://raw.githubusercontent.com/OrellanoL/ProductosCatalogo/main/7793344904143.webp
7790580146115,PURE DE TOMATE ARCOR BRIK X 520 GRS,,,https://raw.githubusercontent.com/OrellanoL/ProductosCatalogo/main/7790580146115.webp
7798141711031,PURE DE TOMATE CARREFOUR TETRA X 520 GRS,,,https://raw.githubusercontent.com/OrellanoL/ProductosCatalogo/main/7798141711031.webp
7790580138868,PURE DE TOMATE LA CAMPAGNOLA TETRA X 530 GRM,,,https://raw.githubusercontent.com/OrellanoL/ProductosCatalogo/main/7790580138868.webp
7790250057086,ROLLO COCINA CLASICO MEGA SUSSEX X 200 PANOS,,,https://raw.githubusercontent.com/OrellanoL/ProductosCatalogo/main/7790250057086.webp
7798141718221,ROLLO DE COCINA CARREFOUR 3 X 50 PANOS,,,https://raw.githubusercontent.com/OrellanoL/ProductosCatalogo/main/7798141718221.webp
7791720002605,ROLLO DE COCINA CARREFOUR ESSENTIAL 3 X 40 PANOS,,,https://raw.githubusercontent.com/OrellanoL/ProductosCatalogo/main/7791720002605.webp
7790250056881,ROLLO DE COCINA CLASICO SUSSEX 3 X 50 PAN,,,https://raw.githubusercontent.com/OrellanoL/ProductosCatalogo/main/7790250056881.webp
7791720025543,ROLLO DE COCINA MAXI BLANCO CARREFOUR X 200 PANOS,,,https://raw.githubusercontent.com/OrellanoL/ProductosCatalogo/main/7791720025543.webp
7790072001014,SAL FINA CELUSAL PAQUETE X 500 GRS,,,https://raw.githubusercontent.com/OrellanoL/ProductosCatalogo/main/7790072001014.webp
7791720029947,SODA CARREFOUR CLASSIC SIFON X 2 LT,,,https://raw.githubusercontent.com/OrellanoL/ProductosCatalogo/main/7791720029947.webp
7791720016114,TOSTADAS DE ARROZ AIREADAS CARREFOUR X 110 GRS,,,https://raw.githubusercontent.com/OrellanoL/ProductosCatalogo/main/7791720016114.webp
7798159718398,TOSTADAS GRUESAS C GLUTEN CARREFOUR X 180 GRS,,,https://raw.githubusercontent.com/OrellanoL/ProductosCatalogo/main/7798159718398.webp
7792710000175,YERBA MATE AMANDA TRADICIONAL X 1 KG,,,https://raw.githubusercontent.com/OrellanoL/ProductosCatalogo/main/7792710000175.webp
7792710000182,YERBA MATE AMANDA TRADICIONAL X 500 GRS,,,https://raw.githubusercontent.com/OrellanoL/ProductosCatalogo/main/7792710000182.webp
7792710000182,YERBA MATE AMANDA TRADICIONAL X 500 GRS,,,https://raw.githubusercontent.com/OrellanoL/ProductosCatalogo/main/7792710000182.webp
7790387015317,YERBA MATE BAJO POLVO MANANITA 4FLEX X 1 KG,,,https://raw.githubusercontent.com/OrellanoL/ProductosCatalogo/main/7790387015317.webp
7790387015317,YERBA MATE BAJO POLVO MANANITA 4FLEX X 1 KG,,,https://raw.githubusercontent.com/OrellanoL/ProductosCatalogo/main/7790387015317.webp
7790387015324,YERBA MATE BAJO POLVO MANANITA 4FLEX X 500 GRS,,,https://raw.githubusercontent.com/OrellanoL/ProductosCatalogo/main/7790387015324.webp
7790387015324,YERBA MATE BAJO POLVO MANANITA 4FLEX X 500 GRS,,,https://raw.githubusercontent.com/OrellanoL/ProductosCatalogo/main/7790387015324.webp
7790387013610,YERBA MATE C PALO ORIG CROL TARAGUI 4FLEX X1KG,,,https://raw.githubusercontent.com/OrellanoL/ProductosCatalogo/main/7790387013610.webp
7790387013610,YERBA MATE C PALO ORIG CROL TARAGUI 4FLEX X1KG,,,https://raw.githubusercontent.com/OrellanoL/ProductosCatalogo/main/7790387013610.webp
7793704000928,YERBA MATE SUAVE C PALO PLAYADITO X 1 KG.,,,https://raw.githubusercontent.com/OrellanoL/ProductosCatalogo/main/7793704000928.webp
7793704000928,YERBA MATE SUAVE C PALO PLAYADITO X 1 KG.,,,https://raw.githubusercontent.com/OrellanoL/ProductosCatalogo/main/7793704000928.webp
7793704000911,YERBA MATE SUAVE C PALO PLAYADITO X 500 GRS.,,,https://raw.githubusercontent.com/OrellanoL/ProductosCatalogo/main/7793704000911.webp
7791720045138,YOGUR BATIDO EXTRA COLCHON DE FRUTAS DURAZNO/FRUTILLA FRUTOS DEL BOSQUE CARREFOUR CLASSIC,,,https://raw.githubusercontent.com/OrellanoL/ProductosCatalogo/main/7791720045138.webp
7791337009677,YOGUR DESC BATIDO FRUTOS ROJOS SER PRO+ 175 GR,,,https://raw.githubusercontent.com/OrellanoL/ProductosCatalogo/main/7791337009677.webp
7791337009660,YOGUR DESCREMADO BATIDO NATURAL SER PRO+ 175 GRS,,,https://raw.githubusercontent.com/OrellanoL/ProductosCatalogo/main/7791337009660.webp
7791337010000,YOGUR NATURAL ENDULZADO YOGURISIMO X 300 GRS,,,https://raw.githubusercontent.com/OrellanoL/ProductosCatalogo/main/7791337010000.webp
1,FERNET BRANCA 750CC + COCA COLA 2.25 LT,,,https://raw.githubusercontent.com/OrellanoL/ProductosCatalogo/main/1.webp
7791337010017,YOGUR NATURAL SIN ENDULZAR YOGURISIMO X 300 GRS,,,https://raw.githubusercontent.com/OrellanoL/ProductosCatalogo/main/7791337010017.webp
7798152226326,MANTECA CALIDAD EXTRA CARREFOUR X 200 GRS.,,,https://raw.githubusercontent.com/OrellanoL/ProductosCatalogo/main/7798152226326.webp
7791720028513,QUESO CREMA DESCREMADO CARREFOUR CLASSIC X 480 GRS,,,https://raw.githubusercontent.com/OrellanoL/ProductosCatalogo/main/7791720028513.webp
7791720028483,QUESO CREMA ENTERO CARREFOUR CLASSIC X 480 GRS,,,https://raw.githubusercontent.com/OrellanoL/ProductosCatalogo/main/7791720028483.webp
7791720045107,YOGUR FIRME FRUT CARREFOUR EXTRA FRASCO X 200 GR,,,https://raw.githubusercontent.com/OrellanoL/ProductosCatalogo/main/7791720045107.webp
7791720045145,YOGUR COLCHON DUR CARREFOUR EXTRA FRASCO X 200 GR,,,https://raw.githubusercontent.com/OrellanoL/ProductosCatalogo/main/7791720045145.webp
7791720045114,YOGUR FIRME VAI CARREFOUR EXTRA FRASCO X 200 GR,,,https://raw.githubusercontent.com/OrellanoL/ProductosCatalogo/main/7791720045114.webp
7791337010772,YOGUR DESC BATIDO VAINILLA CARAMEL SER PRO +,,,https://raw.githubusercontent.com/OrellanoL/ProductosCatalogo/main/7791337010772.webp
7798013102875,JAMON GENUINO CAGNOLI X 120 GRS,,,https://raw.githubusercontent.com/OrellanoL/ProductosCatalogo/main/7798013102875.webp
7798013103377,JAMON COCIDO FETEADO CAGNOLI X 200 GRS,,,https://raw.githubusercontent.com/OrellanoL/ProductosCatalogo/main/7798013103377.webp
7791720028599,PAPAS FRITAS CORTE AMERICANO CARREFOUR X 150 GRS,,,https://raw.githubusercontent.com/OrellanoL/ProductosCatalogo/main/7791720028599.webp
7791720028575,PAPAS FRITAS CARREFOUR BOLSA X 250 GRS,,,https://raw.githubusercontent.com/OrellanoL/ProductosCatalogo/main/7791720028575.webp
7791720028544,PAPAS FRITAS CARREFOUR BOLSA X 250 GRS,,,https://raw.githubusercontent.com/OrellanoL/ProductosCatalogo/main/7791720028544.webp
7791720028551,PAPAS FRITAS CARREFOUR BOLSA X 65 GRS,,,https://raw.githubusercontent.com/OrellanoL/ProductosCatalogo/main/7791720028551.webp
7791720018392,PAPAS FRITAS CLASICAS CARREFOUR TUBO X 140 GRS,,,https://raw.githubusercontent.com/OrellanoL/ProductosCatalogo/main/7791720018392.webp
7791720018415,PAPAS FRITAS CREMA CEB CARREFOUR TUBOX 140 GRS,,,https://raw.githubusercontent.com/OrellanoL/ProductosCatalogo/main/7791720018415.webp
7791720028247,PAPAS FRITAS TRADICIONAL CARREFOUR CLASSIC X 150 G,,,https://raw.githubusercontent.com/OrellanoL/ProductosCatalogo/main/7791720028247.webp
7792180004871,HARINA DE TRIGO 0000 PUREZA X 1 KG,,,https://raw.githubusercontent.com/OrellanoL/ProductosCatalogo/main/7792180004871.webp
7790199000020,HARINA 0000 MORIXE X 1 KG,,,https://raw.githubusercontent.com/OrellanoL/ProductosCatalogo/main/7790199000020.webp
7790070562265,HARINA DE TRIGO 0000 FORTIFICADA FAVORITA X 1 KG,,,https://raw.githubusercontent.com/OrellanoL/ProductosCatalogo/main/7790070562265.webp
7792180140708,HARINA LEUDANTE C VIT DPUREZA X 1 KG,,,https://raw.githubusercontent.com/OrellanoL/ProductosCatalogo/main/7792180140708.webp
7790742625205,DULCE DE LECHE COLONIAL LA SERENISIMA X 400 GRS,,,https://raw.githubusercontent.com/OrellanoL/ProductosCatalogo/main/7790742625205.webp
7793360131530,MERMELADA FRUTILLA BC LA CAMPAGNOLA X 390 GRS,,,https://raw.githubusercontent.com/OrellanoL/ProductosCatalogo/main/7793360131530.webp
7792360094968,CAFE EN SAQUITOS INTENSO BONAFIDE X 18 UNI,,,https://raw.githubusercontent.com/OrellanoL/ProductosCatalogo/main/7792360094968.webp
7790070933638,INFUSION A BASE DE CAFE ARLISTAN PET X 170 GRS,,,https://raw.githubusercontent.com/OrellanoL/ProductosCatalogo/main/7790070933638.webp
7792360002062,CAFE MOLIDO TORRADO INTENSO SENSACIONES X 500 GRS,,,https://raw.githubusercontent.com/OrellanoL/ProductosCatalogo/main/7792360002062.webp
7790310985441,PAPAS FRITAS ACANALADAS PEHUAMAR X 135 GRS,,,https://raw.githubusercontent.com/OrellanoL/ProductosCatalogo/main/7790310985441.webp
7792200000128,BIZCOCHOS AGRIDULCES 9 DE ORO BOLSA X 200 GRS,,,https://raw.githubusercontent.com/OrellanoL/ProductosCatalogo/main/7792200000128.webp
7622201745905,GALLETITAS CLASICAS CEREALITAS 3 X 212 GRS,,,https://raw.githubusercontent.com/OrellanoL/ProductosCatalogo/main/7622201745905.webp
7792798012923,CERVEZA BLANCA QUILMES LATA X 473 CC,,,https://raw.githubusercontent.com/OrellanoL/ProductosCatalogo/main/7792798012923.webp
7793147574109,CERVEZA BLANCA IMPERIAL GOLDEN PORRON X 330 CC,,,https://raw.githubusercontent.com/OrellanoL/ProductosCatalogo/main/7793147574109.webp
7792798007493,CERVEZA BLANCA BRAHMA BOTELLA X 1 LT.,,,https://raw.githubusercontent.com/OrellanoL/ProductosCatalogo/main/7792798007493.webp
7891024134702,CREMA DENTAL MAX PROT ANTICARIES COLGATE X 90 GRS,,,https://raw.githubusercontent.com/OrellanoL/ProductosCatalogo/main/7891024134702.webp
7791290792043,JABON LIQ ROPA PARA DILUIR ALA MATIC X 500 CC,,,https://raw.githubusercontent.com/OrellanoL/ProductosCatalogo/main/7791290792043.webp
7793253003500,LIMPIADOR LIQ FRESCURA LAVANDA POETT X 900 CC,,,https://raw.githubusercontent.com/OrellanoL/ProductosCatalogo/main/7793253003500.webp
7793253003517,LIMPIADOR LIQUIDO FRESCURA LAVANDA POETT X 1.8 LT,,,https://raw.githubusercontent.com/OrellanoL/ProductosCatalogo/main/7793253003517.webp
7792798003716,CERVEZA BLANCA CORONA X 710 CC,,,https://raw.githubusercontent.com/OrellanoL/ProductosCatalogo/main/7792798003716.webp
7790070336385,FIDEOS SPAGHETTI N7 LUCCHETTI X 500 GRS,,,https://raw.githubusercontent.com/OrellanoL/ProductosCatalogo/main/7790070336385.webp
7798159719722,DURAZNOS EN MITADES CARREFOUR LATA X 820 GRS,,,https://raw.githubusercontent.com/OrellanoL/ProductosCatalogo/main/7798159719722.webp
7790580138738,POLENTA INSTANTANEA PRESTOPRONTA BOLSA X 490 GRS,,,https://raw.githubusercontent.com/OrellanoL/ProductosCatalogo/main/7790580138738.webp
7790520995285,DESINFECTANTE AEROSOL ORIGINAL LYSOFORM X 360 CC,,,https://raw.githubusercontent.com/OrellanoL/ProductosCatalogo/main/7790520995285.webp
7791290795495,JABON LIQ ROPA P DILUIR ECO BIC ALA BOT X500CC,,,https://raw.githubusercontent.com/OrellanoL/ProductosCatalogo/main/7791290795495.webp
7794820902264,YOGUR ENTERO FRUTILLA MILKAUT SACHET X 900 GRS,,,https://raw.githubusercontent.com/OrellanoL/ProductosCatalogo/main/7794820902264.webp
7795157002207,QUESO DANBO FETEADO CREMAC X 180 GRS.,,,https://raw.githubusercontent.com/OrellanoL/ProductosCatalogo/main/7795157002207.webp
7798179070728,QUESO TYBO FETEADO SILVIA X 180 GRS,,,https://raw.githubusercontent.com/OrellanoL/ProductosCatalogo/main/7798179070728.webp
7798179070797,QUESO DANBO FETEADO SILVIA X 180 GRS.,,,https://raw.githubusercontent.com/OrellanoL/ProductosCatalogo/main/7798179070797.webp
7798013107337,SALAME MILAN CHACRA 43 X 150 GRS,,,https://raw.githubusercontent.com/OrellanoL/ProductosCatalogo/main/7798013107337.webp
7798375610209,JAM N COCIDO X 200 GRS PDR,,,https://raw.githubusercontent.com/OrellanoL/ProductosCatalogo/main/7798375610209.webp
7798375610285,JAMON CRUDO X 150G PUENTE DE RONDA,,,https://raw.githubusercontent.com/OrellanoL/ProductosCatalogo/main/7798375610285.webp
7791720044568,JAMON CRUDO FETEADO X 150 GRS BULNEZ,,,https://raw.githubusercontent.com/OrellanoL/ProductosCatalogo/main/7791720044568.webp
7790580131371,BOMBONES SURTIDOS KIOSKO ARCOR CAJA X 246 GRS,,,https://raw.githubusercontent.com/OrellanoL/ProductosCatalogo/main/7790580131371.webp
7798128001896,CONITOS DE CHOCOLATE CACHAFAZ CAJA X 6UN,,,https://raw.githubusercontent.com/OrellanoL/ProductosCatalogo/main/7798128001896.webp
7891000392775,BOMBONES SURTIDOS GAROTO X 250 GRS,,,https://raw.githubusercontent.com/OrellanoL/ProductosCatalogo/main/7891000392775.webp
7898024396994,BOMBONES FERRERO ROCHER CAJA X 150GR,,,https://raw.githubusercontent.com/OrellanoL/ProductosCatalogo/main/7898024396994.webp
7908612900264,SUPREMA CONGELADA IMP X 2 KILOS.,,,https://raw.githubusercontent.com/OrellanoL/ProductosCatalogo/main/7908612900264.webp
7790360986276,PICADA ESPECIAL X 500 GRAMOS SWIFT,,,https://raw.githubusercontent.com/OrellanoL/ProductosCatalogo/main/7790360986276.webp
7790360974020,PICADA CONGELADA X 500 GRS,,,https://raw.githubusercontent.com/OrellanoL/ProductosCatalogo/main/7790360974020.webp
7790360974037,CARNE PICADA CONGELADA X 1 KG,,,https://raw.githubusercontent.com/OrellanoL/ProductosCatalogo/main/7790360974037.webp
2507384000001,POLLO CONGELADO PRECIO POR KG,,,https://raw.githubusercontent.com/OrellanoL/ProductosCatalogo/main/7384.webp
7791720028506,QUESO CREMA LIGHT CARREFOUR CLASSIC X 290 GRS,,,https://raw.githubusercontent.com/OrellanoL/ProductosCatalogo/main/7791720028506.webp
7791337939813,YOGUR DESC BEBIBLE VAINILLA SER PRO+ BOT X190 GR,,,https://raw.githubusercontent.com/OrellanoL/ProductosCatalogo/main/7791337939813.webp
7791337009820,YOGUR DESC BEBIB FRUT Y ARAND SER PRO+ BOT X190 GR,,,https://raw.githubusercontent.com/OrellanoL/ProductosCatalogo/main/7791337009820.webp
7791337010833,YOGUR GRIEGO BEB FRUTILLA YOGURISIMO SACH X900G,,,https://raw.githubusercontent.com/OrellanoL/ProductosCatalogo/main/7791337010833.webp
7791337010871,YOGUR GRIEGO BEB NATURAL YOGURISIMO SACH X900G,,,https://raw.githubusercontent.com/OrellanoL/ProductosCatalogo/main/7791337010871.webp
7791337010857,YOGUR GRIEGO BEB VAINILLA YOGURISIMO SACH X900G,,,https://raw.githubusercontent.com/OrellanoL/ProductosCatalogo/main/7791337010857.webp
7790742352200,LECHE DESC ZERO LACTOSA LA SERENISIMA SACHET 1LT,,,https://raw.githubusercontent.com/OrellanoL/ProductosCatalogo/main/7790742352200.webp
7791720037836,SALCHICHAS CLASICAS CRF CLASSIC FLOW PACK X 6 UNID,,,https://raw.githubusercontent.com/OrellanoL/ProductosCatalogo/main/7791720037836.webp
7795947005128,SANDWICH TRIPLE MIGA JQ P BLANCO EL MERCADO X 3UNI,,,https://raw.githubusercontent.com/OrellanoL/ProductosCatalogo/main/7795947005128.webp
7790070036506,FILET DE MERLUZA REBOZADO GRANJA DEL SOL X 500 G,,,https://raw.githubusercontent.com/OrellanoL/ProductosCatalogo/main/7790070036506.webp
7790670050728,HAMBURGUESA FINITA CONGELADA PATY X 2 UNI,,,https://raw.githubusercontent.com/OrellanoL/ProductosCatalogo/main/7790670050728.webp
7798152223653,HELADO BOMBON ESCOCES CARREFOUR CAJA X 6 UNID,,,https://raw.githubusercontent.com/OrellanoL/ProductosCatalogo/main/7798152223653.webp
7791528000032,POSTRE HELADO BOMBOM ESCOCES ICE CREAM X 552 GRS,,,https://raw.githubusercontent.com/OrellanoL/ProductosCatalogo/main/7791528000032.webp
7798152223639,POSTRE HELADO ALMENDRADO CARREFOUR CAJA X 625 GRS,,,https://raw.githubusercontent.com/OrellanoL/ProductosCatalogo/main/7798152223639.webp
7798152223660,HELADO PALITO BOMBON CARREFOUR CAJA X 6 UNI,,,https://raw.githubusercontent.com/OrellanoL/ProductosCatalogo/main/7798152223660.webp
7798152223691,HELADO DE AGUA FRUTILLA CARREFOUR PALITO X 6 UNI,,,https://raw.githubusercontent.com/OrellanoL/ProductosCatalogo/main/7798152223691.webp
7798304841445,HELADO DE AGUA PALITO FRUT TORPEDO CAJA X 5UNI,,,https://raw.githubusercontent.com/OrellanoL/ProductosCatalogo/main/7798304841445.webp
7798147780062,FRAMBUESAS BANADAS EN CHOCO AMAR BLAN FRANUI X 150,,,https://raw.githubusercontent.com/OrellanoL/ProductosCatalogo/main/7798147780062.webp
7798147783223,FRAMBUESAS BANADAS EN CHOCO FRANUI POTE X150 GRS,,,https://raw.githubusercontent.com/OrellanoL/ProductosCatalogo/main/7798147783223.webp
7790290101602,FERNET BRANCA 750CC + COCA COLA 2.25 LT,,,https://raw.githubusercontent.com/OrellanoL/ProductosCatalogo/main/7790290101602.webp
7792180004567,HARINA PUREZA ESPECIAL PARA PIZZAS 1KG,,,https://raw.githubusercontent.com/OrellanoL/ProductosCatalogo/main/7792180004567.webp
7792180141941,HARINA PUREZA CON MASA MADRE PARA PIZZAS 1KG,,,https://raw.githubusercontent.com/OrellanoL/ProductosCatalogo/main/7792180141941.webp
7798316700808,ACEITE DE GIRASOL LEGITIMO 900CC,,,https://raw.githubusercontent.com/OrellanoL/ProductosCatalogo/main/7798316700808.webp
7790070418463,Bizcochos de arroz salados Gallo snacks 100 gr,,,https://raw.githubusercontent.com/OrellanoL/ProductosCatalogo/main/7790070418463.webp
7790070418425,Bizcochos de arroz dulce Gallo snacks en bolsa 100 gr,,,https://raw.githubusercontent.com/OrellanoL/ProductosCatalogo/main/7790070418425.webp
7790070418449,Bizcochos de arroz dulce Gallo snacks tortita negra 100 gr,,,https://raw.githubusercontent.com/OrellanoL/ProductosCatalogo/main/7790070418449.webp
7790070418401,Galletas de arroz Gallo snacks crackeadas 100 gr,,,https://raw.githubusercontent.com/OrellanoL/ProductosCatalogo/main/7790070418401.webp
7790070417213,Galletitas de arroz Gallo snacks de queso 100 gr,,,https://raw.githubusercontent.com/OrellanoL/ProductosCatalogo/main/7790070417213.webp
7790070417152,Galletitas de arroz Gallo snacks de pizza 100 gr,,,https://raw.githubusercontent.com/OrellanoL/ProductosCatalogo/main/7790070417152.webp
7790580153403,Ramen en vaso Arcor sabor pollo picante 65 grs,,,https://raw.githubusercontent.com/OrellanoL/ProductosCatalogo/main/7790580153403.webp
7790580149963,Fideos ramen Arcor sabor pollo 70 grs,,,https://raw.githubusercontent.com/OrellanoL/ProductosCatalogo/main/7790580149963.webp
7891079012895,Ramen Cup Noodles pollo 69 gr,,,https://raw.githubusercontent.com/OrellanoL/ProductosCatalogo/main/7891079012895.webp
7891079012208,Ramen Nissin pollo 85 g,,,https://raw.githubusercontent.com/OrellanoL/ProductosCatalogo/main/7891079012208.webp
7891079012215,Ramen Nissin carne 85 g,,,https://raw.githubusercontent.com/OrellanoL/ProductosCatalogo/main/7891079012215.webp
7891079012444,Ramen Nissin verduras 85 gr,,,https://raw.githubusercontent.com/OrellanoL/ProductosCatalogo/main/7891079012444.webp
7790742363206,Leche La serenísima clásica más liviana 2% 1L,,,https://raw.githubusercontent.com/OrellanoL/ProductosCatalogo/main/7790742363206.webp
7790580153397,Ramen en vaso Arcor sabor pollo 65 grs,,,https://raw.githubusercontent.com/OrellanoL/ProductosCatalogo/main/7790580153397.webp
7798182731807,Alfajor de chocolate negro Dou Foods relleno de crema de avellanas 70 grs,,,https://raw.githubusercontent.com/OrellanoL/ProductosCatalogo/main/7798182731807.webp
7622202830020,Galletitas pancake acaramelado Oreo BTS 118 grs,,,https://raw.githubusercontent.com/OrellanoL/ProductosCatalogo/main/7622202830020.webp
7798182731654,Alfajor de chocolate NEGRO/BLANCO Dou Foods relleno de dulce de leche 70 grs,,,https://raw.githubusercontent.com/OrellanoL/ProductosCatalogo/main/7798182731654.webp
7798182731661,Alfajor de chocolate NEGRO/BLANCO Dou Foods relleno de dulce de leche 70 grs,,,https://raw.githubusercontent.com/OrellanoL/ProductosCatalogo/main/7798182731661.webp
77940131,TURRONES ARCOR X 5 UNIDADES,,,https://raw.githubusercontent.com/OrellanoL/ProductosCatalogo/main/77940131.webp
7790580153380,Ramen en vaso Arcor sabor carne 65 grs,,,https://raw.githubusercontent.com/OrellanoL/ProductosCatalogo/main/7790580153380.webp
7790580155452,Fideos ramen Arcor sabor carne 65 grs,,,https://raw.githubusercontent.com/OrellanoL/ProductosCatalogo/main/7790580155452.webp
7794000009547,Pasta mac and cheese Knorr 200 grs,,,https://raw.githubusercontent.com/OrellanoL/ProductosCatalogo/main/7794000009547.webp
2,Fideos ramen Arcor sabor  pollo picante 65 grs,,,https://raw.githubusercontent.com/OrellanoL/ProductosCatalogo/main/ramenpicante.webp
7791720045121,YOGUR BATIDO EXTRA COLCHON DE FRUTAS DURAZNO/FRUTILLA FRUTOS DEL BOSQUE CARREFOUR CLASSIC,,,https://raw.githubusercontent.com/OrellanoL/ProductosCatalogo/main/7791720045121.webp
7791720045145,YOGUR BATIDO EXTRA COLCHON DE FRUTAS DURAZNO/FRUTILLA FRUTOS DEL BOSQUE CARREFOUR CLASSIC,,,https://raw.githubusercontent.com/OrellanoL/ProductosCatalogo/main/7791720045145.webp
7792200000159,Bizcochos 9 de Oro de grasa 200 gr,,,https://raw.githubusercontent.com/OrellanoL/ProductosCatalogo/main/7792200000159.webp
7792200000319,Bizcochos 9 de Oro azúcarados 210 gr,,,https://raw.githubusercontent.com/OrellanoL/ProductosCatalogo/main/7792200000319.webp
7792200000777,Bizcochos 9 de Oro light 170 gr,,,https://raw.githubusercontent.com/OrellanoL/ProductosCatalogo/main/7792200000777.webp
























